{
  "project_info": {
    "project_number": "54419022457",
    "project_id": "flashchat-ac182",
    "storage_bucket": "flashchat-ac182.appspot.com"
  },
  "client": [
    {
      "client_info": {
        "mobilesdk_app_id": "1:54419022457:android:b270a86ef075652ac6aaa8",
        "android_client_info": {
          "package_name": "com.project.pradyotprakash.flashchat"
        }
      },
      "oauth_client": [
        {
          "client_id": "54419022457-cs9hvs4gpf4d7s425kdhr36qsabf3hjg.apps.googleusercontent.com",
          "client_type": 3
        }
      ],
      "api_key": [
        {
          "current_key": "AIzaSyDjf-U-08VTeuzQ2cnjL6y1LE7FmcXtQ-k"
        }
      ],
      "services": {
        "appinvite_service": {
          "other_platform_oauth_client": [
            {
              "client_id": "54419022457-cs9hvs4gpf4d7s425kdhr36qsabf3hjg.apps.googleusercontent.com",
              "client_type": 3
            }
          ]
        }
      }
    }
  ],
  "configuration_version": "1"
}